{
  "name": "moment",
  "license": "MIT",
  "main": "moment.js",
  "ignore": [
    "**/.*",
    "benchmarks",
    "bower_components",
    "meteor",
    "node_modules",
    "scripts",
    "tasks",
    "test",
    "component.json",
    "composer.json",
    "CONTRIBUTING.md",
    "ender.js",
    "Gruntfile.js",
    "Moment.js.nuspec",
    "package.js",
    "package.json",
    "ISSUE_TEMPLATE.md",
    "typing-tests"
  ],
  "homepage": "https://github.com/moment/moment",
  "version": "2.16.0",
  "_release": "2.16.0",
  "_resolution": {
    "type": "version",
    "tag": "2.16.0",
    "commit": "56f18c4cfe7a119c6d4c5a828127b8f9dd02df20"
  },
  "_source": "https://github.com/moment/moment.git",
  "_target": "^2.16.0",
  "_originalSource": "moment",
  "_direct": true
}